BillOfMaterialsID,ProductAssemblyID,ComponentID,StartDate,EndDate,UnitMeasureCode,BOMLevel,PerAssemblyQty,ModifiedDate
893,,749,2010-05-26 00:00:00.000,,EA ,0,1.00,2010-05-12 00:00:00.000
271,,750,2010-03-04 00:00:00.000,2010-05-03 00:00:00.000,EA ,0,1.00,2010-05-03 00:00:00.000
34,,750,2010-05-04 00:00:00.000,,EA ,0,1.00,2010-04-20 00:00:00.000
830,,751,2010-05-26 00:00:00.000,,EA ,0,1.00,2010-05-12 00:00:00.000
2074,,752,2010-07-08 00:00:00.000,,EA ,0,1.00,2010-06-24 00:00:00.000
1950,,753,2010-06-19 00:00:00.000,2010-08-18 00:00:00.000,EA ,0,1.00,2010-08-18 00:00:00.000
1761,,753,2010-08-19 00:00:00.000,,EA ,0,1.00,2010-08-05 00:00:00.000
3088,,754,2010-12-15 00:00:00.000,,EA ,0,1.00,2010-12-01 00:00:00.000
3351,,755,2010-12-23 00:00:00.000,,EA ,0,1.00,2010-12-09 00:00:00.000
3246,,756,2010-12-23 00:00:00.000,,EA ,0,1.00,2010-12-09 00:00:00.000
2760,,757,2010-09-15 00:00:00.000,,EA ,0,1.00,2010-09-01 00:00:00.000
2395,,758,2010-08-05 00:00:00.000,,EA ,0,1.00,2010-07-22 00:00:00.000
3087,,759,2010-12-15 00:00:00.000,,EA ,0,1.00,2010-12-01 00:00:00.000
3350,,760,2010-12-23 00:00:00.000,,EA ,0,1.00,2010-12-09 00:00:00.000
2822,,761,2010-09-15 00:00:00.000,,EA ,0,1.00,2010-09-01 00:00:00.000
3245,,762,2010-12-23 00:00:00.000,,EA ,0,1.00,2010-12-09 00:00:00.000
2759,,763,2010-09-15 00:00:00.000,,EA ,0,1.00,2010-09-01 00:00:00.000
2394,,764,2010-08-05 00:00:00.000,,EA ,0,1.00,2010-07-22 00:00:00.000
3341,,765,2010-12-23 00:00:00.000,,EA ,0,1.00,2010-12-09 00:00:00.000
2815,,766,2010-09-15 00:00:00.000,,EA ,0,1.00,2010-09-01 00:00:00.000
2449,,767,2010-08-05 00:00:00.000,,EA ,0,1.00,2010-07-22 00:00:00.000
2899,,768,2010-09-15 00:00:00.000,2010-11-14 00:00:00.000,EA ,0,1.00,2010-11-14 00:00:00.000
2738,,768,2010-11-15 00:00:00.000,,EA ,0,1.00,2010-11-01 00:00:00.000
2363,,769,2010-08-05 00:00:00.000,,EA ,0,1.00,2010-07-22 00:00:00.000
1265,,770,2010-06-09 00:00:00.000,,EA ,0,1.00,2010-05-26 00:00:00.000
1195,,771,2010-06-09 00:00:00.000,,EA ,0,1.00,2010-05-26 00:00:00.000
3017,,772,2010-12-15 00:00:00.000,,EA ,0,1.00,2010-12-01 00:00:00.000
3281,,773,2010-12-23 00:00:00.000,,EA ,0,1.00,2010-12-09 00:00:00.000
2783,,774,2010-09-15 00:00:00.000,,EA ,0,1.00,2010-09-01 00:00:00.000
5,,775,2010-03-04 00:00:00.000,,EA ,0,1.00,2010-02-18 00:00:00.000
2737,,776,2010-09-15 00:00:00.000,,EA ,0,1.00,2010-09-01 00:00:00.000
2362,,777,2010-08-05 00:00:00.000,,EA ,0,1.00,2010-07-22 00:00:00.000
1264,,778,2010-06-09 00:00:00.000,,EA ,0,1.00,2010-05-26 00:00:00.000
1642,,779,2010-06-19 00:00:00.000,,EA ,0,1.00,2010-06-05 00:00:00.000
393,,780,2010-03-18 00:00:00.000,,EA ,0,1.00,2010-03-04 00:00:00.000
52,,781,2010-03-04 00:00:00.000,,EA ,0,1.00,2010-02-18 00:00:00.000
3217,,782,2010-12-23 00:00:00.000,,EA ,0,1.00,2010-12-09 00:00:00.000
808,,783,2010-05-26 00:00:00.000,,EA ,0,1.00,2010-05-12 00:00:00.000
2049,,784,2010-07-08 00:00:00.000,,EA ,0,1.00,2010-06-24 00:00:00.000
4,,785,2010-03-04 00:00:00.000,,EA ,0,1.00,2010-02-18 00:00:00.000
2736,,786,2010-09-15 00:00:00.000,,EA ,0,1.00,2010-09-01 00:00:00.000
2361,,787,2010-08-05 00:00:00.000,,EA ,0,1.00,2010-07-22 00:00:00.000
1263,,788,2010-06-09 00:00:00.000,,EA ,0,1.00,2010-05-26 00:00:00.000
3247,,789,2010-12-23 00:00:00.000,,EA ,0,1.00,2010-12-09 00:00:00.000
2761,,790,2010-09-15 00:00:00.000,,EA ,0,1.00,2010-09-01 00:00:00.000
2396,,791,2010-08-05 00:00:00.000,,EA ,0,1.00,2010-07-22 00:00:00.000
3089,,792,2010-12-15 00:00:00.000,,EA ,0,1.00,2010-12-01 00:00:00.000
2739,,793,2010-09-15 00:00:00.000,,EA ,0,1.00,2010-09-01 00:00:00.000
2364,,794,2010-08-05 00:00:00.000,,EA ,0,1.00,2010-07-22 00:00:00.000
1266,,795,2010-06-09 00:00:00.000,,EA ,0,1.00,2010-05-26 00:00:00.000
482,,796,2010-03-18 00:00:00.000,,EA ,0,1.00,2010-03-04 00:00:00.000
1024,,797,2010-05-26 00:00:00.000,2010-07-25 00:00:00.000,EA ,0,1.00,2010-07-25 00:00:00.000
783,,797,2010-07-26 00:00:00.000,,EA ,0,1.00,2010-07-12 00:00:00.000
2333,,798,2010-08-05 00:00:00.000,,EA ,0,1.00,2010-07-22 00:00:00.000
1240,,799,2010-06-09 00:00:00.000,,EA ,0,1.00,2010-05-26 00:00:00.000
450,,800,2010-03-18 00:00:00.000,,EA ,0,1.00,2010-03-04 00:00:00.000
92,,801,2010-03-04 00:00:00.000,,EA ,0,1.00,2010-02-18 00:00:00.000
1303,,953,2010-06-09 00:00:00.000,,EA ,0,1.00,2010-05-26 00:00:00.000
1699,,954,2010-06-19 00:00:00.000,,EA ,0,1.00,2010-06-05 00:00:00.000
3060,,955,2010-12-15 00:00:00.000,,EA ,0,1.00,2010-12-01 00:00:00.000
3326,,956,2010-12-23 00:00:00.000,,EA ,0,1.00,2010-12-09 00:00:00.000
2107,,957,2010-07-08 00:00:00.000,,EA ,0,1.00,2010-06-24 00:00:00.000
2800,,958,2010-09-15 00:00:00.000,,EA ,0,1.00,2010-09-01 00:00:00.000
1778,,959,2010-06-19 00:00:00.000,,EA ,0,1.00,2010-06-05 00:00:00.000
3102,,960,2010-12-15 00:00:00.000,,EA ,0,1.00,2010-12-01 00:00:00.000
2027,,961,2010-07-08 00:00:00.000,,EA ,0,1.00,2010-06-24 00:00:00.000
1698,,962,2010-06-19 00:00:00.000,,EA ,0,1.00,2010-06-05 00:00:00.000
3059,,963,2010-12-15 00:00:00.000,,EA ,0,1.00,2010-12-01 00:00:00.000
879,,964,2010-05-26 00:00:00.000,,EA ,0,1.00,2010-05-12 00:00:00.000
1789,,965,2010-06-19 00:00:00.000,,EA ,0,1.00,2010-06-05 00:00:00.000
3037,,966,2010-12-15 00:00:00.000,,EA ,0,1.00,2010-12-01 00:00:00.000
3304,,967,2010-12-23 00:00:00.000,,EA ,0,1.00,2010-12-09 00:00:00.000
2801,,968,2010-09-15 00:00:00.000,,EA ,0,1.00,2010-09-01 00:00:00.000
1779,,969,2010-06-19 00:00:00.000,,EA ,0,1.00,2010-06-05 00:00:00.000
419,,970,2010-03-18 00:00:00.000,,EA ,0,1.00,2010-03-04 00:00:00.000
73,,971,2010-03-04 00:00:00.000,,EA ,0,1.00,2010-02-18 00:00:00.000
1071,,972,2010-05-26 00:00:00.000,2010-07-25 00:00:00.000,EA ,0,1.00,2010-07-25 00:00:00.000
867,,972,2010-07-26 00:00:00.000,,EA ,0,1.00,2010-07-12 00:00:00.000
2993,,973,2010-12-15 00:00:00.000,,EA ,0,1.00,2010-12-01 00:00:00.000
33,,974,2010-03-04 00:00:00.000,,EA ,0,1.00,2010-02-18 00:00:00.000
829,,975,2010-05-26 00:00:00.000,,EA ,0,1.00,2010-05-12 00:00:00.000
2073,,976,2010-07-08 00:00:00.000,,EA ,0,1.00,2010-06-24 00:00:00.000
103,,977,2010-03-04 00:00:00.000,,EA ,0,1.00,2010-02-18 00:00:00.000
1668,,978,2010-06-19 00:00:00.000,,EA ,0,1.00,2010-06-05 00:00:00.000
3036,,979,2010-12-15 00:00:00.000,,EA ,0,1.00,2010-12-01 00:00:00.000
1641,,980,2010-06-19 00:00:00.000,,EA ,0,1.00,2010-06-05 00:00:00.000
392,,981,2010-03-18 00:00:00.000,,EA ,0,1.00,2010-03-04 00:00:00.000
51,,982,2010-03-04 00:00:00.000,,EA ,0,1.00,2010-02-18 00:00:00.000
850,,983,2010-05-26 00:00:00.000,,EA ,0,1.00,2010-05-12 00:00:00.000
1194,,984,2010-06-09 00:00:00.000,,EA ,0,1.00,2010-05-26 00:00:00.000
3016,,985,2010-12-15 00:00:00.000,,EA ,0,1.00,2010-12-01 00:00:00.000
3280,,986,2010-12-23 00:00:00.000,,EA ,0,1.00,2010-12-09 00:00:00.000
2782,,987,2010-09-15 00:00:00.000,,EA ,0,1.00,2010-09-01 00:00:00.000
2422,,988,2010-08-05 00:00:00.000,,EA ,0,1.00,2010-07-22 00:00:00.000
3,,989,2010-03-04 00:00:00.000,,EA ,0,1.00,2010-02-18 00:00:00.000
2735,,990,2010-09-15 00:00:00.000,,EA ,0,1.00,2010-09-01 00:00:00.000
2360,,991,2010-08-05 00:00:00.000,,EA ,0,1.00,2010-07-22 00:00:00.000
1262,,992,2010-06-09 00:00:00.000,,EA ,0,1.00,2010-05-26 00:00:00.000
481,,993,2010-03-18 00:00:00.000,,EA ,0,1.00,2010-03-04 00:00:00.000
809,,997,2010-05-26 00:00:00.000,,EA ,0,1.00,2010-05-12 00:00:00.000
2050,,998,2010-07-08 00:00:00.000,,EA ,0,1.00,2010-06-24 00:00:00.000
1938,,999,2010-06-19 00:00:00.000,2010-08-18 00:00:00.000,EA ,0,1.00,2010-08-18 00:00:00.000
1731,,999,2010-08-19 00:00:00.000,,EA ,0,1.00,2010-08-05 00:00:00.000
2000,3,2,2010-07-08 00:00:00.000,,EA ,3,10.00,2010-06-24 00:00:00.000
1657,3,461,2010-06-19 00:00:00.000,,EA ,3,1.00,2010-06-05 00:00:00.000
389,3,504,2010-03-18 00:00:00.000,,EA ,3,2.00,2010-03-04 00:00:00.000
805,3,505,2010-05-26 00:00:00.000,,EA ,3,2.00,2010-05-12 00:00:00.000
2433,316,486,2010-08-05 00:00:00.000,,EA ,4,1.00,2010-07-22 00:00:00.000
1290,324,486,2010-06-09 00:00:00.000,,EA ,3,1.00,2010-05-26 00:00:00.000
875,327,483,2010-05-26 00:00:00.000,,EA ,3,1.00,2010-05-12 00:00:00.000
3337,328,482,2010-12-23 00:00:00.000,,EA ,3,1.00,2010-12-09 00:00:00.000
2806,329,482,2010-09-15 00:00:00.000,,EA ,3,1.00,2010-09-01 00:00:00.000
2432,330,482,2010-08-05 00:00:00.000,,EA ,3,1.00,2010-07-22 00:00:00.000
1289,331,482,2010-06-09 00:00:00.000,,EA ,4,1.00,2010-05-26 00:00:00.000
492,350,486,2010-03-18 00:00:00.000,,EA ,4,1.00,2010-03-04 00:00:00.000
876,398,487,2010-05-26 00:00:00.000,,EA ,3,1.00,2010-05-12 00:00:00.000
3338,399,485,2010-12-23 00:00:00.000,,EA ,3,1.00,2010-12-09 00:00:00.000
543,400,523,2010-03-18 00:00:00.000,,EA ,3,1.00,2010-03-04 00:00:00.000
2162,400,525,2010-07-08 00:00:00.000,,EA ,3,1.00,2010-06-24 00:00:00.000
935,401,524,2010-05-26 00:00:00.000,,EA ,3,1.00,2010-05-12 00:00:00.000
2487,401,526,2010-08-05 00:00:00.000,,EA ,3,1.00,2010-07-22 00:00:00.000
2327,514,497,2010-08-05 00:00:00.000,,EA ,2,4.00,2010-07-22 00:00:00.000
3138,514,528,2010-12-15 00:00:00.000,,EA ,2,1.00,2010-12-01 00:00:00.000
1830,514,530,2010-06-19 00:00:00.000,,EA ,2,1.00,2010-06-05 00:00:00.000
3135,514,908,2010-12-15 00:00:00.000,,EA ,2,1.00,2010-12-01 00:00:00.000
1219,515,497,2010-06-09 00:00:00.000,,EA ,2,4.00,2010-05-26 00:00:00.000
3400,515,528,2010-12-23 00:00:00.000,,EA ,2,1.00,2010-12-09 00:00:00.000
3140,515,530,2010-12-15 00:00:00.000,,EA ,2,1.00,2010-12-01 00:00:00.000
2858,515,909,2010-09-15 00:00:00.000,,EA ,2,1.00,2010-09-01 00:00:00.000
386,516,497,2010-03-18 00:00:00.000,,EA ,2,4.00,2010-03-04 00:00:00.000
2862,516,528,2010-09-15 00:00:00.000,,EA ,2,1.00,2010-09-01 00:00:00.000
3402,516,530,2010-12-23 00:00:00.000,,EA ,2,1.00,2010-12-09 00:00:00.000
1357,516,910,2010-06-09 00:00:00.000,,EA ,2,1.00,2010-05-26 00:00:00.000
28,517,497,2010-03-04 00:00:00.000,,EA ,2,4.00,2010-02-18 00:00:00.000
2489,517,528,2010-08-05 00:00:00.000,,EA ,2,1.00,2010-07-22 00:00:00.000
2864,517,530,2010-09-15 00:00:00.000,,EA ,2,1.00,2010-09-01 00:00:00.000
348,517,911,2010-03-04 00:00:00.000,2010-05-03 00:00:00.000,EA ,1,2.00,2010-05-03 00:00:00.000
140,517,911,2010-05-04 00:00:00.000,,EA ,2,1.00,2010-04-20 00:00:00.000
1032,518,497,2010-05-26 00:00:00.000,2010-07-25 00:00:00.000,EA ,1,5.00,2010-07-25 00:00:00.000
803,518,497,2010-07-26 00:00:00.000,,EA ,2,4.00,2010-07-12 00:00:00.000
1360,518,528,2010-06-09 00:00:00.000,,EA ,2,1.00,2010-05-26 00:00:00.000
2491,518,530,2010-08-05 00:00:00.000,,EA ,2,1.00,2010-07-22 00:00:00.000
2161,518,912,2010-07-08 00:00:00.000,,EA ,2,1.00,2010-06-24 00:00:00.000
2022,519,497,2010-07-08 00:00:00.000,,EA ,2,4.00,2010-06-24 00:00:00.000
546,519,528,2010-03-18 00:00:00.000,,EA ,2,1.00,2010-03-04 00:00:00.000
1362,519,530,2010-06-09 00:00:00.000,,EA ,2,1.00,2010-05-26 00:00:00.000
3136,519,913,2010-12-15 00:00:00.000,,EA ,2,1.00,2010-12-01 00:00:00.000
1660,520,497,2010-06-19 00:00:00.000,,EA ,2,4.00,2010-06-05 00:00:00.000
144,520,528,2010-03-04 00:00:00.000,,EA ,2,1.00,2010-02-18 00:00:00.000
548,520,530,2010-03-18 00:00:00.000,,EA ,2,1.00,2010-03-04 00:00:00.000
2859,520,914,2010-09-15 00:00:00.000,,EA ,2,1.00,2010-09-01 00:00:00.000
3012,521,497,2010-12-15 00:00:00.000,,EA ,2,4.00,2010-12-01 00:00:00.000
938,521,528,2010-05-26 00:00:00.000,,EA ,2,1.00,2010-05-12 00:00:00.000
146,521,530,2010-03-04 00:00:00.000,,EA ,2,1.00,2010-02-18 00:00:00.000
1358,521,915,2010-06-09 00:00:00.000,,EA ,2,1.00,2010-05-26 00:00:00.000
3239,522,497,2010-12-23 00:00:00.000,,EA ,2,4.00,2010-12-09 00:00:00.000
2165,522,528,2010-07-08 00:00:00.000,,EA ,2,1.00,2010-06-24 00:00:00.000
1124,522,530,2010-05-26 00:00:00.000,2010-07-25 00:00:00.000,EA ,1,2.00,2010-07-25 00:00:00.000
940,522,530,2010-07-26 00:00:00.000,,EA ,2,1.00,2010-07-12 00:00:00.000
141,522,916,2010-03-04 00:00:00.000,,EA ,2,1.00,2010-02-18 00:00:00.000
1288,529,477,2010-06-09 00:00:00.000,,EA ,3,1.00,2010-05-26 00:00:00.000
2094,531,487,2010-07-08 00:00:00.000,,EA ,4,1.00,2010-06-24 00:00:00.000
1956,532,484,2010-06-19 00:00:00.000,2010-08-18 00:00:00.000,EA ,2,2.00,2010-08-18 00:00:00.000
1769,532,484,2010-08-19 00:00:00.000,,EA ,3,1.00,2010-08-05 00:00:00.000
100,533,478,2010-03-04 00:00:00.000,,EA ,3,1.00,2010-02-18 00:00:00.000
491,534,482,2010-03-18 00:00:00.000,,EA ,3,1.00,2010-03-04 00:00:00.000
1445,680,324,2010-06-09 00:00:00.000,,EA ,2,2.00,2010-05-26 00:00:00.000
1881,680,325,2010-06-19 00:00:00.000,,EA ,2,2.00,2010-06-05 00:00:00.000
3453,680,326,2010-12-23 00:00:00.000,,EA ,2,1.00,2010-12-09 00:00:00.000
2541,680,327,2010-08-05 00:00:00.000,,EA ,2,1.00,2010-07-22 00:00:00.000
3190,680,399,2010-12-15 00:00:00.000,,EA ,2,1.00,2010-12-01 00:00:00.000
1617,680,492,2010-06-09 00:00:00.000,2010-08-08 00:00:00.000,OZ ,1,9.00,2010-08-08 00:00:00.000
1446,680,492,2010-08-09 00:00:00.000,,OZ ,2,8.00,2010-07-26 00:00:00.000
626,680,532,2010-03-18 00:00:00.000,,EA ,2,4.00,2010-03-04 00:00:00.000
987,680,533,2010-05-26 00:00:00.000,,EA ,2,1.00,2010-05-12 00:00:00.000
220,680,534,2010-03-04 00:00:00.000,,EA ,2,1.00,2010-02-18 00:00:00.000
219,680,804,2010-03-04 00:00:00.000,,EA ,2,1.00,2010-02-18 00:00:00.000
776,706,324,2010-03-18 00:00:00.000,,EA ,2,2.00,2010-03-04 00:00:00.000
1999,706,325,2010-06-19 00:00:00.000,,EA ,2,2.00,2010-06-05 00:00:00.000
3482,706,326,2010-12-23 00:00:00.000,,EA ,2,1.00,2010-12-09 00:00:00.000
2709,706,327,2010-08-05 00:00:00.000,,EA ,2,1.00,2010-07-22 00:00:00.000
3215,706,399,2010-12-15 00:00:00.000,,EA ,2,1.00,2010-12-01 00:00:00.000
777,706,493,2010-03-18 00:00:00.000,,OZ ,2,8.00,2010-03-04 00:00:00.000
778,706,532,2010-03-18 00:00:00.000,,EA ,2,4.00,2010-03-04 00:00:00.000
1190,706,533,2010-05-26 00:00:00.000,,EA ,2,1.00,2010-05-12 00:00:00.000
779,706,534,2010-05-06 00:00:00.000,,EA ,2,1.00,2010-04-22 00:00:00.000
360,706,804,2010-03-04 00:00:00.000,,EA ,2,1.00,2010-02-18 00:00:00.000
1453,717,324,2010-06-09 00:00:00.000,,EA ,2,2.00,2010-05-26 00:00:00.000
1887,717,325,2010-06-19 00:00:00.000,,EA ,2,2.00,2010-06-05 00:00:00.000
3459,717,326,2010-12-23 00:00:00.000,,EA ,2,1.00,2010-12-09 00:00:00.000
2547,717,327,2010-08-05 00:00:00.000,,EA ,2,1.00,2010-07-22 00:00:00.000
3196,717,399,2010-12-15 00:00:00.000,,EA ,2,1.00,2010-12-01 00:00:00.000
771,717,493,2010-03-18 00:00:00.000,2010-05-17 00:00:00.000,OZ ,1,9.00,2010-05-17 00:00:00.000
636,717,493,2010-05-18 00:00:00.000,,OZ ,2,8.00,2010-05-04 00:00:00.000
637,717,532,2010-03-18 00:00:00.000,,EA ,2,4.00,2010-03-04 00:00:00.000
993,717,533,2010-05-26 00:00:00.000,,EA ,2,1.00,2010-05-12 00:00:00.000
232,717,534,2010-03-04 00:00:00.000,,EA ,2,1.00,2010-02-18 00:00:00.000
231,717,804,2010-03-04 00:00:00.000,,EA ,2,1.00,2010-02-18 00:00:00.000
1449,718,324,2010-06-09 00:00:00.000,,EA ,2,2.00,2010-05-26 00:00:00.000
1883,718,325,2010-06-19 00:00:00.000,,EA ,2,2.00,2010-06-05 00:00:00.000
3455,718,326,2010-12-23 00:00:00.000,,EA ,2,1.00,2010-12-09 00:00:00.000
2689,718,327,2010-08-05 00:00:00.000,2010-10-04 00:00:00.000,EA ,1,2.00,2010-10-04 00:00:00.000
2543,718,327,2010-10-05 00:00:00.000,,EA ,2,1.00,2010-09-21 00:00:00.000
3192,718,399,2010-12-15 00:00:00.000,,EA ,2,1.00,2010-12-01 00:00:00.000
628,718,493,2010-03-18 00:00:00.000,,OZ ,2,8.00,2010-03-04 00:00:00.000
629,718,532,2010-03-18 00:00:00.000,,EA ,2,4.00,2010-03-04 00:00:00.000
989,718,533,2010-05-26 00:00:00.000,,EA ,2,1.00,2010-05-12 00:00:00.000
224,718,534,2010-03-04 00:00:00.000,,EA ,2,1.00,2010-02-18 00:00:00.000
223,718,804,2010-03-04 00:00:00.000,,EA ,2,1.00,2010-02-18 00:00:00.000
1450,719,324,2010-06-09 00:00:00.000,,EA ,2,2.00,2010-05-26 00:00:00.000
1884,719,325,2010-06-19 00:00:00.000,,EA ,2,2.00,2010-06-05 00:00:00.000
3456,719,326,2010-12-23 00:00:00.000,,EA ,2,1.00,2010-12-09 00:00:00.000
2544,719,327,2010-08-05 00:00:00.000,,EA ,2,1.00,2010-07-22 00:00:00.000
3193,719,399,2010-12-15 00:00:00.000,,EA ,2,1.00,2010-12-01 00:00:00.000
770,719,493,2010-03-18 00:00:00.000,2010-05-17 00:00:00.000,OZ ,1,9.00,2010-05-17 00:00:00.000
630,719,493,2010-05-18 00:00:00.000,,OZ ,2,8.00,2010-05-04 00:00:00.000
631,719,532,2010-03-18 00:00:00.000,,EA ,2,4.00,2010-03-04 00:00:00.000
990,719,533,2010-05-26 00:00:00.000,,EA ,2,1.00,2010-05-12 00:00:00.000
226,719,534,2010-03-04 00:00:00.000,,EA ,2,1.00,2010-02-18 00:00:00.000
225,719,804,2010-03-04 00:00:00.000,,EA ,2,1.00,2010-02-18 00:00:00.000
1451,720,324,2010-06-09 00:00:00.000,,EA ,2,2.00,2010-05-26 00:00:00.000
1885,720,325,2010-06-19 00:00:00.000,,EA ,2,2.00,2010-06-05 00:00:00.000
3457,720,326,2010-12-23 00:00:00.000,,EA ,2,1.00,2010-12-09 00:00:00.000
2545,720,327,2010-08-05 00:00:00.000,,EA ,2,1.00,2010-07-22 00:00:00.000
3194,720,399,2010-12-15 00:00:00.000,,EA ,2,1.00,2010-12-01 00:00:00.000
632,720,493,2010-03-18 00:00:00.000,,OZ ,2,8.00,2010-03-04 00:00:00.000
633,720,532,2010-03-18 00:00:00.000,,EA ,2,4.00,2010-03-04 00:00:00.000
1167,720,533,2010-05-26 00:00:00.000,2010-07-25 00:00:00.000,EA ,1,2.00,2010-07-25 00:00:00.000
991,720,533,2010-07-26 00:00:00.000,,EA ,2,1.00,2010-07-12 00:00:00.000
228,720,534,2010-03-04 00:00:00.000,,EA ,2,1.00,2010-02-18 00:00:00.000
227,720,804,2010-03-04 00:00:00.000,,EA ,2,1.00,2010-02-18 00:00:00.000
1452,721,324,2010-06-09 00:00:00.000,,EA ,2,2.00,2010-05-26 00:00:00.000
1886,721,325,2010-06-19 00:00:00.000,,EA ,2,2.00,2010-06-05 00:00:00.000
3458,721,326,2010-12-23 00:00:00.000,,EA ,2,1.00,2010-12-09 00:00:00.000
2546,721,327,2010-08-05 00:00:00.000,,EA ,2,1.00,2010-07-22 00:00:00.000
3195,721,399,2010-12-15 00:00:00.000,,EA ,2,1.00,2010-12-01 00:00:00.000
634,721,493,2010-03-18 00:00:00.000,,OZ ,2,8.00,2010-03-04 00:00:00.000
635,721,532,2010-03-18 00:00:00.000,,EA ,2,4.00,2010-03-04 00:00:00.000
992,721,533,2010-05-26 00:00:00.000,,EA ,2,1.00,2010-05-12 00:00:00.000
230,721,534,2010-03-04 00:00:00.000,,EA ,2,1.00,2010-02-18 00:00:00.000
229,721,804,2010-03-04 00:00:00.000,,EA ,2,1.00,2010-02-18 00:00:00.000
1409,722,324,2010-06-09 00:00:00.000,,EA ,2,2.00,2010-05-26 00:00:00.000
1860,722,325,2010-06-19 00:00:00.000,,EA ,2,2.00,2010-06-05 00:00:00.000
3432,722,326,2010-12-23 00:00:00.000,,EA ,2,1.00,2010-12-09 00:00:00.000
2520,722,327,2010-08-05 00:00:00.000,,EA ,2,1.00,2010-07-22 00:00:00.000
3169,722,399,2010-12-15 00:00:00.000,,EA ,2,1.00,2010-12-01 00:00:00.000
1411,722,492,2010-06-09 00:00:00.000,,OZ ,2,8.00,2010-05-26 00:00:00.000
585,722,532,2010-03-18 00:00:00.000,,EA ,2,4.00,2010-03-04 00:00:00.000
1151,722,533,2010-05-26 00:00:00.000,2010-07-25 00:00:00.000,EA ,1,2.00,2010-07-25 00:00:00.000
966,722,533,2010-07-26 00:00:00.000,,EA ,2,1.00,2010-07-12 00:00:00.000
195,722,534,2010-03-04 00:00:00.000,,EA ,2,1.00,2010-02-18 00:00:00.000
1410,722,802,2010-06-09 00:00:00.000,,EA ,2,1.00,2010-05-26 00:00:00.000
1412,723,324,2010-06-09 00:00:00.000,,EA ,2,2.00,2010-05-26 00:00:00.000
1861,723,325,2010-06-19 00:00:00.000,,EA ,2,2.00,2010-06-05 00:00:00.000
3433,723,326,2010-12-23 00:00:00.000,,EA ,2,1.00,2010-12-09 00:00:00.000
2521,723,327,2010-08-05 00:00:00.000,,EA ,2,1.00,2010-07-22 00:00:00.000
3170,723,399,2010-12-15 00:00:00.000,,EA ,2,1.00,2010-12-01 00:00:00.000
1414,723,492,2010-06-09 00:00:00.000,,OZ ,2,8.00,2010-05-26 00:00:00.000
586,723,532,2010-03-18 00:00:00.000,,EA ,2,4.00,2010-03-04 00:00:00.000
967,723,533,2010-05-26 00:00:00.000,,EA ,2,1.00,2010-05-12 00:00:00.000
196,723,534,2010-03-04 00:00:00.000,,EA ,2,1.00,2010-02-18 00:00:00.000
1413,723,802,2010-06-09 00:00:00.000,,EA ,2,1.00,2010-05-26 00:00:00.000
1602,724,324,2010-06-09 00:00:00.000,2010-08-08 00:00:00.000,EA ,1,3.00,2010-08-08 00:00:00.000
1415,724,324,2010-08-09 00:00:00.000,,EA ,2,2.00,2010-07-26 00:00:00.000
1862,724,325,2010-06-19 00:00:00.000,,EA ,2,2.00,2010-06-05 00:00:00.000
3434,724,326,2010-12-23 00:00:00.000,,EA ,2,1.00,2010-12-09 00:00:00.000
2522,724,327,2010-08-05 00:00:00.000,,EA ,2,1.00,2010-07-22 00:00:00.000
3171,724,399,2010-12-15 00:00:00.000,,EA ,2,1.00,2010-12-01 00:00:00.000
1417,724,492,2010-06-09 00:00:00.000,,OZ ,2,8.00,2010-05-26 00:00:00.000
587,724,532,2010-03-18 00:00:00.000,,EA ,2,4.00,2010-03-04 00:00:00.000
968,724,533,2010-05-26 00:00:00.000,,EA ,2,1.00,2010-05-12 00:00:00.000
197,724,534,2010-03-04 00:00:00.000,,EA ,2,1.00,2010-02-18 00:00:00.000
1416,724,802,2010-06-09 00:00:00.000,,EA ,2,1.00,2010-05-26 00:00:00.000
1418,725,324,2010-06-09 00:00:00.000,,EA ,2,2.00,2010-05-26 00:00:00.000
1863,725,325,2010-06-19 00:00:00.000,,EA ,2,2.00,2010-06-05 00:00:00.000
3435,725,326,2010-12-23 00:00:00.000,,EA ,2,1.00,2010-12-09 00:00:00.000
2675,725,327,2010-08-05 00:00:00.000,2010-10-04 00:00:00.000,EA ,1,2.00,2010-10-04 00:00:00.000
2523,725,327,2010-10-05 00:00:00.000,,EA ,2,1.00,2010-09-21 00:00:00.000
3172,725,399,2010-12-15 00:00:00.000,,EA ,2,1.00,2010-12-01 00:00:00.000
588,725,493,2010-03-18 00:00:00.000,,OZ ,2,8.00,2010-03-04 00:00:00.000
589,725,532,2010-03-18 00:00:00.000,,EA ,2,4.00,2010-03-04 00:00:00.000
969,725,533,2010-05-26 00:00:00.000,,EA ,2,1.00,2010-05-12 00:00:00.000
198,725,534,2010-03-04 00:00:00.000,,EA ,2,1.00,2010-02-18 00:00:00.000
1419,725,802,2010-06-09 00:00:00.000,,EA ,2,1.00,2010-05-26 00:00:00.000
1420,726,324,2010-06-09 00:00:00.000,,EA ,2,2.00,2010-05-26 00:00:00.000
1864,726,325,2010-06-19 00:00:00.000,,EA ,2,2.00,2010-06-05 00:00:00.000
3436,726,326,2010-12-23 00:00:00.000,,EA ,2,1.00,2010-12-09 00:00:00.000
2524,726,327,2010-08-05 00:00:00.000,,EA ,2,1.00,2010-07-22 00:00:00.000
3173,726,399,2010-12-15 00:00:00.000,,EA ,2,1.00,2010-12-01 00:00:00.000
766,726,493,2010-03-18 00:00:00.000,2010-05-17 00:00:00.000,OZ ,1,9.00,2010-05-17 00:00:00.000
590,726,493,2010-05-18 00:00:00.000,,OZ ,2,8.00,2010-05-04 00:00:00.000
591,726,532,2010-03-18 00:00:00.000,,EA ,2,4.00,2010-03-04 00:00:00.000
970,726,533,2010-05-26 00:00:00.000,,EA ,2,1.00,2010-05-12 00:00:00.000
199,726,534,2010-03-04 00:00:00.000,,EA ,2,1.00,2010-02-18 00:00:00.000
1421,726,802,2010-06-09 00:00:00.000,,EA ,2,1.00,2010-05-26 00:00:00.000
1422,727,324,2010-06-09 00:00:00.000,,EA ,2,2.00,2010-05-26 00:00:00.000
1865,727,325,2010-06-19 00:00:00.000,,EA ,2,2.00,2010-06-05 00:00:00.000
3437,727,326,2010-12-23 00:00:00.000,,EA ,2,1.00,2010-12-09 00:00:00.000
2525,727,327,2010-08-05 00:00:00.000,,EA ,2,1.00,2010-07-22 00:00:00.000
3174,727,399,2010-12-15 00:00:00.000,,EA ,2,1.00,2010-12-01 00:00:00.000
592,727,493,2010-03-18 00:00:00.000,,OZ ,2,8.00,2010-03-04 00:00:00.000
593,727,532,2010-03-18 00:00:00.000,,EA ,2,4.00,2010-03-04 00:00:00.000
1152,727,533,2010-05-26 00:00:00.000,2010-07-25 00:00:00.000,EA ,1,2.00,2010-07-25 00:00:00.000
971,727,533,2010-07-26 00:00:00.000,,EA ,2,1.00,2010-07-12 00:00:00.000
200,727,534,2010-03-04 00:00:00.000,,EA ,2,1.00,2010-02-18 00:00:00.000
1423,727,802,2010-06-09 00:00:00.000,,EA ,2,1.00,2010-05-26 00:00:00.000
1603,728,324,2010-06-09 00:00:00.000,2010-08-08 00:00:00.000,EA ,1,3.00,2010-08-08 00:00:00.000
1424,728,324,2010-08-09 00:00:00.000,,EA ,2,2.00,2010-07-26 00:00:00.000
1866,728,325,2010-06-19 00:00:00.000,,EA ,2,2.00,2010-06-05 00:00:00.000
3438,728,326,2010-12-23 00:00:00.000,,EA ,2,1.00,2010-12-09 00:00:00.000
2526,728,327,2010-08-05 00:00:00.000,,EA ,2,1.00,2010-07-22 00:00:00.000
3175,728,399,2010-12-15 00:00:00.000,,EA ,2,1.00,2010-12-01 00:00:00.000
594,728,493,2010-03-18 00:00:00.000,,OZ ,2,8.00,2010-03-04 00:00:00.000
595,728,532,2010-03-18 00:00:00.000,,EA ,2,4.00,2010-03-04 00:00:00.000
972,728,533,2010-05-26 00:00:00.000,,EA ,2,1.00,2010-05-12 00:00:00.000
201,728,534,2010-03-04 00:00:00.000,,EA ,2,1.00,2010-02-18 00:00:00.000
1425,728,802,2010-06-09 00:00:00.000,,EA ,2,1.00,2010-05-26 00:00:00.000
1426,729,324,2010-06-09 00:00:00.000,,EA ,2,2.00,2010-05-26 00:00:00.000
1867,729,325,2010-06-19 00:00:00.000,,EA ,2,2.00,2010-06-05 00:00:00.000
3439,729,326,2010-12-23 00:00:00.000,,EA ,2,1.00,2010-12-09 00:00:00.000
2676,729,327,2010-08-05 00:00:00.000,2010-10-04 00:00:00.000,EA ,1,2.00,2010-10-04 00:00:00.000
2527,729,327,2010-10-05 00:00:00.000,,EA ,2,1.00,2010-09-21 00:00:00.000
3176,729,399,2010-12-15 00:00:00.000,,EA ,2,1.00,2010-12-01 00:00:00.000
596,729,493,2010-03-18 00:00:00.000,,OZ ,2,8.00,2010-03-04 00:00:00.000
597,729,532,2010-03-18 00:00:00.000,,EA ,2,4.00,2010-03-04 00:00:00.000
973,729,533,2010-05-26 00:00:00.000,,EA ,2,1.00,2010-05-12 00:00:00.000
202,729,534,2010-03-04 00:00:00.000,,EA ,2,1.00,2010-02-18 00:00:00.000
1427,729,802,2010-06-09 00:00:00.000,,EA ,2,1.00,2010-05-26 00:00:00.000
1428,730,324,2010-06-09 00:00:00.000,,EA ,2,2.00,2010-05-26 00:00:00.000
1868,730,325,2010-06-19 00:00:00.000,,EA ,2,2.00,2010-06-05 00:00:00.000
3440,730,326,2010-12-23 00:00:00.000,,EA ,2,1.00,2010-12-09 00:00:00.000
2528,730,327,2010-08-05 00:00:00.000,,EA ,2,1.00,2010-07-22 00:00:00.000
3177,730,399,2010-12-15 00:00:00.000,,EA ,2,1.00,2010-12-01 00:00:00.000
767,730,493,2010-03-18 00:00:00.000,2010-05-17 00:00:00.000,OZ ,1,9.00,2010-05-17 00:00:00.000
598,730,493,2010-05-18 00:00:00.000,,OZ ,2,8.00,2010-05-04 00:00:00.000
599,730,532,2010-03-18 00:00:00.000,,EA ,2,4.00,2010-03-04 00:00:00.000
974,730,533,2010-05-26 00:00:00.000,,EA ,2,1.00,2010-05-12 00:00:00.000
203,730,534,2010-03-04 00:00:00.000,,EA ,2,1.00,2010-02-18 00:00:00.000
1429,730,802,2010-06-09 00:00:00.000,,EA ,2,1.00,2010-05-26 00:00:00.000
1430,731,324,2010-06-09 00:00:00.000,,EA ,2,2.00,2010-05-26 00:00:00.000
1869,731,325,2010-06-19 00:00:00.000,,EA ,2,2.00,2010-06-05 00:00:00.000
3441,731,326,2010-12-23 00:00:00.000,,EA ,2,1.00,2010-12-09 00:00:00.000
2682,731,327,2010-08-05 00:00:00.000,2010-10-04 00:00:00.000,EA ,1,2.00,2010-10-04 00:00:00.000
2529,731,327,2010-10-05 00:00:00.000,,EA ,2,1.00,2010-09-21 00:00:00.000
3178,731,399,2010-12-15 00:00:00.000,,EA ,2,1.00,2010-12-01 00:00:00.000
601,731,493,2010-03-18 00:00:00.000,,OZ ,2,8.00,2010-03-04 00:00:00.000
602,731,532,2010-03-18 00:00:00.000,,EA ,2,4.00,2010-03-04 00:00:00.000
975,731,533,2010-05-26 00:00:00.000,,EA ,2,1.00,2010-05-12 00:00:00.000
204,731,534,2010-03-04 00:00:00.000,,EA ,2,1.00,2010-02-18 00:00:00.000
600,731,803,2010-03-18 00:00:00.000,,EA ,2,1.00,2010-03-04 00:00:00.000
1431,732,324,2010-06-09 00:00:00.000,,EA ,2,2.00,2010-05-26 00:00:00.000
1870,732,325,2010-06-19 00:00:00.000,,EA ,2,2.00,2010-06-05 00:00:00.000
3442,732,326,2010-12-23 00:00:00.000,,EA ,2,1.00,2010-12-09 00:00:00.000
2530,732,327,2010-08-05 00:00:00.000,,EA ,2,1.00,2010-07-22 00:00:00.000
3179,732,399,2010-12-15 00:00:00.000,,EA ,2,1.00,2010-12-01 00:00:00.000
768,732,493,2010-03-18 00:00:00.000,2010-05-17 00:00:00.000,OZ ,1,9.00,2010-05-17 00:00:00.000
604,732,493,2010-05-18 00:00:00.000,,OZ ,2,8.00,2010-05-04 00:00:00.000
605,732,532,2010-03-18 00:00:00.000,,EA ,2,4.00,2010-03-04 00:00:00.000
976,732,533,2010-05-26 00:00:00.000,,EA ,2,1.00,2010-05-12 00:00:00.000
205,732,534,2010-03-04 00:00:00.000,,EA ,2,1.00,2010-02-18 00:00:00.000
603,732,803,2010-03-18 00:00:00.000,,EA ,2,1.00,2010-03-04 00:00:00.000
1432,733,324,2010-06-09 00:00:00.000,,EA ,2,2.00,2010-05-26 00:00:00.000
1871,733,325,2010-06-19 00:00:00.000,,EA ,2,2.00,2010-06-05 00:00:00.000
3443,733,326,2010-12-23 00:00:00.000,,EA ,2,1.00,2010-12-09 00:00:00.000
2531,733,327,2010-08-05 00:00:00.000,,EA ,2,1.00,2010-07-22 00:00:00.000
3180,733,399,2010-12-15 00:00:00.000,,EA ,2,1.00,2010-12-01 00:00:00.000
607,733,493,2010-03-18 00:00:00.000,,OZ ,2,8.00,2010-03-04 00:00:00.000
608,733,532,2010-03-18 00:00:00.000,,EA ,2,4.00,2010-03-04 00:00:00.000
1160,733,533,2010-05-26 00:00:00.000,2010-07-25 00:00:00.000,EA ,1,2.00,2010-07-25 00:00:00.000
977,733,533,2010-07-26 00:00:00.000,,EA ,2,1.00,2010-07-12 00:00:00.000
206,733,534,2010-03-04 00:00:00.000,,EA ,2,1.00,2010-02-18 00:00:00.000
606,733,803,2010-03-18 00:00:00.000,,EA ,2,1.00,2010-03-04 00:00:00.000
1611,734,324,2010-06-09 00:00:00.000,2010-08-08 00:00:00.000,EA ,1,3.00,2010-08-08 00:00:00.000
1433,734,324,2010-08-09 00:00:00.000,,EA ,2,2.00,2010-07-26 00:00:00.000
1872,734,325,2010-06-19 00:00:00.000,,EA ,2,2.00,2010-06-05 00:00:00.000
3444,734,326,2010-12-23 00:00:00.000,,EA ,2,1.00,2010-12-09 00:00:00.000
2532,734,327,2010-08-05 00:00:00.000,,EA ,2,1.00,2010-07-22 00:00:00.000
3181,734,399,2010-12-15 00:00:00.000,,EA ,2,1.00,2010-12-01 00:00:00.000
610,734,493,2010-03-18 00:00:00.000,,OZ ,2,8.00,2010-03-04 00:00:00.000
611,734,532,2010-03-18 00:00:00.000,,EA ,2,4.00,2010-03-04 00:00:00.000
978,734,533,2010-05-26 00:00:00.000,,EA ,2,1.00,2010-05-12 00:00:00.000
207,734,534,2010-03-04 00:00:00.000,,EA ,2,1.00,2010-02-18 00:00:00.000
609,734,803,2010-03-18 00:00:00.000,,EA ,2,1.00,2010-03-04 00:00:00.000
1434,735,324,2010-06-09 00:00:00.000,,EA ,2,2.00,2010-05-26 00:00:00.000
1873,735,325,2010-06-19 00:00:00.000,,EA ,2,2.00,2010-06-05 00:00:00.000
3445,735,326,2010-12-23 00:00:00.000,,EA ,2,1.00,2010-12-09 00:00:00.000
2683,735,327,2010-08-05 00:00:00.000,2010-10-04 00:00:00.000,EA ,1,2.00,2010-10-04 00:00:00.000
2533,735,327,2010-10-05 00:00:00.000,,EA ,2,1.00,2010-09-21 00:00:00.000
3182,735,399,2010-12-15 00:00:00.000,,EA ,2,1.00,2010-12-01 00:00:00.000
613,735,493,2010-03-18 00:00:00.000,,OZ ,2,8.00,2010-03-04 00:00:00.000
614,735,532,2010-03-18 00:00:00.000,,EA ,2,4.00,2010-03-04 00:00:00.000
979,735,533,2010-05-26 00:00:00.000,,EA ,2,1.00,2010-05-12 00:00:00.000
208,735,534,2010-03-04 00:00:00.000,,EA ,2,1.00,2010-02-18 00:00:00.000
612,735,803,2010-03-18 00:00:00.000,,EA ,2,1.00,2010-03-04 00:00:00.000
1400,736,324,2010-06-09 00:00:00.000,,EA ,2,2.00,2010-05-26 00:00:00.000
1857,736,325,2010-06-19 00:00:00.000,,EA ,2,2.00,2010-06-05 00:00:00.000
3429,736,326,2010-12-23 00:00:00.000,,EA ,2,1.00,2010-12-09 00:00:00.000
2517,736,327,2010-08-05 00:00:00.000,,EA ,2,1.00,2010-07-22 00:00:00.000
3166,736,399,2010-12-15 00:00:00.000,,EA ,2,1.00,2010-12-01 00:00:00.000
1402,736,492,2010-06-09 00:00:00.000,,OZ ,2,8.00,2010-05-26 00:00:00.000
582,736,532,2010-03-18 00:00:00.000,,EA ,2,4.00,2010-03-04 00:00:00.000
963,736,533,2010-05-26 00:00:00.000,,EA ,2,1.00,2010-05-12 00:00:00.000
192,736,534,2010-03-04 00:00:00.000,,EA ,2,1.00,2010-02-18 00:00:00.000
1401,736,802,2010-06-09 00:00:00.000,,EA ,2,1.00,2010-05-26 00:00:00.000
1600,737,324,2010-06-09 00:00:00.000,2010-08-08 00:00:00.000,EA ,1,3.00,2010-08-08 00:00:00.000
1403,737,324,2010-08-09 00:00:00.000,,EA ,2,2.00,2010-07-26 00:00:00.000
1858,737,325,2010-06-19 00:00:00.000,,EA ,2,2.00,2010-06-05 00:00:00.000
3430,737,326,2010-12-23 00:00:00.000,,EA ,2,1.00,2010-12-09 00:00:00.000
2518,737,327,2010-08-05 00:00:00.000,,EA ,2,1.00,2010-07-22 00:00:00.000
3167,737,399,2010-12-15 00:00:00.000,,EA ,2,1.00,2010-12-01 00:00:00.000
1405,737,492,2010-06-09 00:00:00.000,,OZ ,2,8.00,2010-05-26 00:00:00.000
583,737,532,2010-03-18 00:00:00.000,,EA ,2,4.00,2010-03-04 00:00:00.000
964,737,533,2010-05-26 00:00:00.000,,EA ,2,1.00,2010-05-12 00:00:00.000
193,737,534,2010-03-04 00:00:00.000,,EA ,2,1.00,2010-02-18 00:00:00.000
1404,737,802,2010-06-09 00:00:00.000,,EA ,2,1.00,2010-05-26 00:00:00.000
1406,738,324,2010-06-09 00:00:00.000,,EA ,2,2.00,2010-05-26 00:00:00.000
1859,738,325,2010-06-19 00:00:00.000,,EA ,2,2.00,2010-06-05 00:00:00.000
3431,738,326,2010-12-23 00:00:00.000,,EA ,2,1.00,2010-12-09 00:00:00.000
2674,738,327,2010-08-05 00:00:00.000,2010-10-04 00:00:00.000,EA ,1,2.00,2010-10-04 00:00:00.000
2519,738,327,2010-10-05 00:00:00.000,,EA ,2,1.00,2010-09-21 00:00:00.000
3168,738,399,2010-12-15 00:00:00.000,,EA ,2,1.00,2010-12-01 00:00:00.000
1408,738,492,2010-06-09 00:00:00.000,,OZ ,2,8.00,2010-05-26 00:00:00.000
584,738,532,2010-03-18 00:00:00.000,,EA ,2,4.00,2010-03-04 00:00:00.000
965,738,533,2010-05-26 00:00:00.000,,EA ,2,1.00,2010-05-12 00:00:00.000
194,738,534,2010-03-04 00:00:00.000,,EA ,2,1.00,2010-02-18 00:00:00.000
1407,738,802,2010-06-09 00:00:00.000,,EA ,2,1.00,2010-05-26 00:00:00.000
1396,739,324,2010-06-09 00:00:00.000,,EA ,2,2.00,2010-05-26 00:00:00.000
1853,739,325,2010-06-19 00:00:00.000,,EA ,2,2.00,2010-06-05 00:00:00.000
3425,739,326,2010-12-23 00:00:00.000,,EA ,2,1.00,2010-12-09 00:00:00.000
2513,739,327,2010-08-05 00:00:00.000,,EA ,2,1.00,2010-07-22 00:00:00.000
3162,739,399,2010-12-15 00:00:00.000,,EA ,2,1.00,2010-12-01 00:00:00.000
181,739,494,2010-03-04 00:00:00.000,,OZ ,2,8.00,2010-02-18 00:00:00.000
578,739,532,2010-03-18 00:00:00.000,,EA ,2,4.00,2010-03-04 00:00:00.000
1145,739,533,2010-05-26 00:00:00.000,2010-07-25 00:00:00.000,EA ,1,2.00,2010-07-25 00:00:00.000
959,739,533,2010-07-26 00:00:00.000,,EA ,2,1.00,2010-07-12 00:00:00.000
182,739,534,2010-03-04 00:00:00.000,,EA ,2,1.00,2010-02-18 00:00:00.000
180,739,804,2010-03-04 00:00:00.000,,EA ,2,1.00,2010-02-18 00:00:00.000
1397,740,324,2010-06-09 00:00:00.000,,EA ,2,2.00,2010-05-26 00:00:00.000
1854,740,325,2010-06-19 00:00:00.000,,EA ,2,2.00,2010-06-05 00:00:00.000
3426,740,326,2010-12-23 00:00:00.000,,EA ,2,1.00,2010-12-09 00:00:00.000
2514,740,327,2010-08-05 00:00:00.000,,EA ,2,1.00,2010-07-22 00:00:00.000
3163,740,399,2010-12-15 00:00:00.000,,EA ,2,1.00,2010-12-01 00:00:00.000
184,740,494,2010-03-04 00:00:00.000,,OZ ,2,8.00,2010-02-18 00:00:00.000
579,740,532,2010-03-18 00:00:00.000,,EA ,2,4.00,2010-03-04 00:00:00.000
960,740,533,2010-05-26 00:00:00.000,,EA ,2,1.00,2010-05-12 00:00:00.000
185,740,534,2010-03-04 00:00:00.000,,EA ,2,1.00,2010-02-18 00:00:00.000
183,740,804,2010-03-04 00:00:00.000,,EA ,2,1.00,2010-02-18 00:00:00.000
1596,741,324,2010-06-09 00:00:00.000,2010-08-08 00:00:00.000,EA ,1,3.00,2010-08-08 00:00:00.000
1398,741,324,2010-08-09 00:00:00.000,,EA ,2,2.00,2010-07-26 00:00:00.000
1855,741,325,2010-06-19 00:00:00.000,,EA ,2,2.00,2010-06-05 00:00:00.000
3427,741,326,2010-12-23 00:00:00.000,,EA ,2,1.00,2010-12-09 00:00:00.000
2515,741,327,2010-08-05 00:00:00.000,,EA ,2,1.00,2010-07-22 00:00:00.000
3164,741,399,2010-12-15 00:00:00.000,,EA ,2,1.00,2010-12-01 00:00:00.000
187,741,494,2010-03-04 00:00:00.000,,OZ ,2,8.00,2010-02-18 00:00:00.000
580,741,532,2010-03-18 00:00:00.000,,EA ,2,4.00,2010-03-04 00:00:00.000
961,741,533,2010-05-26 00:00:00.000,,EA ,2,1.00,2010-05-12 00:00:00.000
188,741,534,2010-03-04 00:00:00.000,,EA ,2,1.00,2010-02-18 00:00:00.000
186,741,804,2010-03-04 00:00:00.000,,EA ,2,1.00,2010-02-18 00:00:00.000
1399,742,324,2010-06-09 00:00:00.000,,EA ,2,2.00,2010-05-26 00:00:00.000
1856,742,325,2010-06-19 00:00:00.000,,EA ,2,2.00,2010-06-05 00:00:00.000
3428,742,326,2010-12-23 00:00:00.000,,EA ,2,1.00,2010-12-09 00:00:00.000
2670,742,327,2010-08-05 00:00:00.000,2010-10-04 00:00:00.000,EA ,1,2.00,2010-10-04 00:00:00.000
2516,742,327,2010-10-05 00:00:00.000,,EA ,2,1.00,2010-09-21 00:00:00.000
3165,742,399,2010-12-15 00:00:00.000,,EA ,2,1.00,2010-12-01 00:00:00.000
190,742,494,2010-03-04 00:00:00.000,,OZ ,2,8.00,2010-02-18 00:00:00.000
581,742,532,2010-03-18 00:00:00.000,,EA ,2,4.00,2010-03-04 00:00:00.000
962,742,533,2010-05-26 00:00:00.000,,EA ,2,1.00,2010-05-12 00:00:00.000
191,742,534,2010-03-04 00:00:00.000,,EA ,2,1.00,2010-02-18 00:00:00.000
189,742,804,2010-03-04 00:00:00.000,,EA ,2,1.00,2010-02-18 00:00:00.000
1388,743,324,2010-06-09 00:00:00.000,,EA ,2,2.00,2010-05-26 00:00:00.000
1849,743,325,2010-06-19 00:00:00.000,,EA ,2,2.00,2010-06-05 00:00:00.000
3421,743,326,2010-12-23 00:00:00.000,,EA ,2,1.00,2010-12-09 00:00:00.000
2509,743,327,2010-08-05 00:00:00.000,,EA ,2,1.00,2010-07-22 00:00:00.000
3158,743,399,2010-12-15 00:00:00.000,,EA ,2,1.00,2010-12-01 00:00:00.000
1389,743,492,2010-06-09 00:00:00.000,,OZ ,2,8.00,2010-05-26 00:00:00.000
574,743,532,2010-03-18 00:00:00.000,,EA ,2,4.00,2010-03-04 00:00:00.000
955,743,533,2010-05-26 00:00:00.000,,EA ,2,1.00,2010-05-12 00:00:00.000
173,743,534,2010-03-04 00:00:00.000,,EA ,2,1.00,2010-02-18 00:00:00.000
172,743,804,2010-03-04 00:00:00.000,,EA ,2,1.00,2010-02-18 00:00:00.000
1592,744,324,2010-06-09 00:00:00.000,2010-08-08 00:00:00.000,EA ,1,3.00,2010-08-08 00:00:00.000
1390,744,324,2010-08-09 00:00:00.000,,EA ,2,2.00,2010-07-26 00:00:00.000
1850,744,325,2010-06-19 00:00:00.000,,EA ,2,2.00,2010-06-05 00:00:00.000
3422,744,326,2010-12-23 00:00:00.000,,EA ,2,1.00,2010-12-09 00:00:00.000
2510,744,327,2010-08-05 00:00:00.000,,EA ,2,1.00,2010-07-22 00:00:00.000
3159,744,399,2010-12-15 00:00:00.000,,EA ,2,1.00,2010-12-01 00:00:00.000
1391,744,492,2010-06-09 00:00:00.000,,OZ ,2,8.00,2010-05-26 00:00:00.000
575,744,532,2010-03-18 00:00:00.000,,EA ,2,4.00,2010-03-04 00:00:00.000
956,744,533,2010-05-26 00:00:00.000,,EA ,2,1.00,2010-05-12 00:00:00.000
175,744,534,2010-03-04 00:00:00.000,,EA ,2,1.00,2010-02-18 00:00:00.000
174,744,804,2010-03-04 00:00:00.000,,EA ,2,1.00,2010-02-18 00:00:00.000
1392,745,324,2010-06-09 00:00:00.000,,EA ,2,2.00,2010-05-26 00:00:00.000
1851,745,325,2010-06-19 00:00:00.000,,EA ,2,2.00,2010-06-05 00:00:00.000
3423,745,326,2010-12-23 00:00:00.000,,EA ,2,1.00,2010-12-09 00:00:00.000
2667,745,327,2010-08-05 00:00:00.000,2010-10-04 00:00:00.000,EA ,1,2.00,2010-10-04 00:00:00.000
2511,745,327,2010-10-05 00:00:00.000,,EA ,2,1.00,2010-09-21 00:00:00.000
3160,745,399,2010-12-15 00:00:00.000,,EA ,2,1.00,2010-12-01 00:00:00.000
1393,745,492,2010-06-09 00:00:00.000,,OZ ,2,8.00,2010-05-26 00:00:00.000
576,745,532,2010-03-18 00:00:00.000,,EA ,2,4.00,2010-03-04 00:00:00.000
957,745,533,2010-05-26 00:00:00.000,,EA ,2,1.00,2010-05-12 00:00:00.000
177,745,534,2010-03-04 00:00:00.000,,EA ,2,1.00,2010-02-18 00:00:00.000
